[
{
    "model": "accounts.user",
    "pk": 1,
    "fields": {
        "password": "pbkdf2_sha256$600000$dWAgc1eCiWRO0zhvRi0NQk$2EBctdVUPPcJqTz2gZd+j9afNfA/ttkUXRzQvv1Et6c=",
        "last_login": "2023-10-22T03:07:48.787Z",
        "is_superuser": true,
        "username": "admin",
        "first_name": "",
        "last_name": "",
        "email": "",
        "is_staff": true,
        "is_active": true,
        "date_joined": "2023-10-11T03:01:17.140Z",
        "is_serverowner": false,
        "is_subscriber": false,
        "is_affiliate": false,
        "groups": [],
        "user_permissions": []
    }
},
{
    "model": "accounts.user",
    "pk": 38,
    "fields": {
        "password": "!l4kZFnwiLRu33LnOnv09zUcnYpzvUTF1kgh32oJ2",
        "last_login": "2023-10-25T04:10:41.462Z",
        "is_superuser": false,
        "username": "pythonian",
        "first_name": "",
        "last_name": "",
        "email": "",
        "is_staff": false,
        "is_active": true,
        "date_joined": "2023-10-25T03:17:01.219Z",
        "is_serverowner": true,
        "is_subscriber": false,
        "is_affiliate": false,
        "groups": [],
        "user_permissions": []
    }
},
{
    "model": "accounts.user",
    "pk": 39,
    "fields": {
        "password": "!IbgzwjBlh4dZicdhQP6M4Fi52RSJIKTHkHf7nOqs",
        "last_login": "2023-10-25T03:29:15.938Z",
        "is_superuser": false,
        "username": "prontomaster",
        "first_name": "",
        "last_name": "",
        "email": "",
        "is_staff": false,
        "is_active": true,
        "date_joined": "2023-10-25T03:29:15.908Z",
        "is_serverowner": false,
        "is_subscriber": true,
        "is_affiliate": true,
        "groups": [],
        "user_permissions": []
    }
},
{
    "model": "accounts.user",
    "pk": 43,
    "fields": {
        "password": "!QqjhfdVxjWhMH0Yu6D5mLYzjPLSowMGMNwrjpjmS",
        "last_login": "2023-10-25T04:28:20.930Z",
        "is_superuser": false,
        "username": "madepadio",
        "first_name": "",
        "last_name": "",
        "email": "",
        "is_staff": false,
        "is_active": true,
        "date_joined": "2023-10-25T04:28:20.882Z",
        "is_serverowner": false,
        "is_subscriber": true,
        "is_affiliate": true,
        "groups": [],
        "user_permissions": []
    }
},
{
    "model": "accounts.user",
    "pk": 44,
    "fields": {
        "password": "!0iJ1z74oO5QLBGKeKS8yHYMNhl644FB5Ja0YOtgd",
        "last_login": "2023-10-27T19:09:05.648Z",
        "is_superuser": false,
        "username": "footystory",
        "first_name": "",
        "last_name": "",
        "email": "",
        "is_staff": false,
        "is_active": true,
        "date_joined": "2023-10-25T04:28:34.078Z",
        "is_serverowner": false,
        "is_subscriber": true,
        "is_affiliate": false,
        "groups": [],
        "user_permissions": []
    }
},
{
    "model": "accounts.user",
    "pk": 48,
    "fields": {
        "password": "!eU27dq7ZWOvRyMOa9HrQKJuS81KFyCLQechkA8KM",
        "last_login": "2023-10-27T16:59:27.999Z",
        "is_superuser": false,
        "username": "nationaltimes",
        "first_name": "",
        "last_name": "",
        "email": "",
        "is_staff": false,
        "is_active": true,
        "date_joined": "2023-10-27T16:59:27.958Z",
        "is_serverowner": false,
        "is_subscriber": true,
        "is_affiliate": false,
        "groups": [],
        "user_permissions": []
    }
},
{
    "model": "accounts.serverowner",
    "pk": "e161f09d-d5ad-466c-8e7d-db14caa5abe9",
    "fields": {
        "user": 38,
        "discord_id": "699941555389071390",
        "username": "pythonian",
        "avatar": "cb2fc73de9612b2182a1e10756a5cd40",
        "subdomain": "zuri",
        "email": "prontomaster@gmail.com",
        "stripe_account_id": "acct_1O4xb9PPfSwkCiwX",
        "affiliate_commission": 20,
        "total_pending_commissions": "0.00",
        "total_coin_pending_commissions": "0E-8",
        "coinpayment_api_secret_key": null,
        "coinpayment_api_public_key": null,
        "coinpayment_onboarding": false,
        "stripe_onboarding": true,
        "created": "2023-10-25T03:17:01.237Z",
        "updated": "2023-10-27T12:23:11.225Z"
    }
},
{
    "model": "accounts.server",
    "pk": 41,
    "fields": {
        "owner": "e161f09d-d5ad-466c-8e7d-db14caa5abe9",
        "server_id": "1111994358707781714",
        "name": "Pythonian's server",
        "icon": null,
        "choice_server": true,
        "created": "2023-10-25T03:17:01.257Z",
        "updated": "2023-10-25T03:17:33.198Z"
    }
},
{
    "model": "accounts.subscriber",
    "pk": "06c5c3d2-dd5b-4b69-9e56-558cfa18186b",
    "fields": {
        "user": 43,
        "discord_id": "878541759909613569",
        "username": "madepadio",
        "avatar": "ed7fe7a2f8182ae14584ffef1993c1cf",
        "email": "madepadio99@gmail.com",
        "subscribed_via": "e161f09d-d5ad-466c-8e7d-db14caa5abe9",
        "stripe_customer_id": "cus_OsypkyE7xhPv3x",
        "created": "2023-10-25T04:28:20.898Z",
        "updated": "2023-10-26T21:02:58.783Z"
    }
},
{
    "model": "accounts.subscriber",
    "pk": "29be7233-4f1a-43f8-a9c0-78e2dd0242fe",
    "fields": {
        "user": 44,
        "discord_id": "1166589692460929044",
        "username": "footystory",
        "avatar": null,
        "email": "footystory@gmail.com",
        "subscribed_via": "e161f09d-d5ad-466c-8e7d-db14caa5abe9",
        "stripe_customer_id": "cus_Ot3E1TlgE3Nvwb",
        "created": "2023-10-25T04:28:34.085Z",
        "updated": "2023-10-26T00:08:55.714Z"
    }
},
{
    "model": "accounts.subscriber",
    "pk": "4cf54892-24f8-4808-88ce-fb3195402a1b",
    "fields": {
        "user": 39,
        "discord_id": "1115951044732653578",
        "username": "prontomaster",
        "avatar": null,
        "email": "habeeb.seyi.243279@unn.edu.ng",
        "subscribed_via": "e161f09d-d5ad-466c-8e7d-db14caa5abe9",
        "stripe_customer_id": "cus_OsjFbPMd8hrnAF",
        "created": "2023-10-25T03:29:15.916Z",
        "updated": "2023-10-25T03:30:23.410Z"
    }
},
{
    "model": "accounts.subscriber",
    "pk": "557bf95e-da82-48e4-b75a-7cfba07d46b0",
    "fields": {
        "user": 48,
        "discord_id": "1166911098327412836",
        "username": "nationaltimes",
        "avatar": null,
        "email": "thenationaltimesng@gmail.com",
        "subscribed_via": "e161f09d-d5ad-466c-8e7d-db14caa5abe9",
        "stripe_customer_id": null,
        "created": "2023-10-27T16:59:27.970Z",
        "updated": "2023-10-27T16:59:27.985Z"
    }
},
{
    "model": "accounts.affiliate",
    "pk": "1115951044732653578",
    "fields": {
        "subscriber": "4cf54892-24f8-4808-88ce-fb3195402a1b",
        "affiliate_link": "https://discord.gg/hG5xcz",
        "server_id": "1111994358707781714",
        "serverowner": "e161f09d-d5ad-466c-8e7d-db14caa5abe9",
        "last_payment_date": "2023-10-27T12:23:11.250Z",
        "total_commissions_paid": "40.00",
        "total_coin_commissions_paid": "0E-8",
        "pending_commissions": "0.00",
        "pending_coin_commissions": "0E-8",
        "created": "2023-10-25T04:29:27.694Z",
        "updated": "2023-10-27T12:23:11.251Z"
    }
},
{
    "model": "accounts.affiliate",
    "pk": "878541759909613569",
    "fields": {
        "subscriber": "06c5c3d2-dd5b-4b69-9e56-558cfa18186b",
        "affiliate_link": "https://discord.gg/h7oxcp",
        "server_id": "1111994358707781714",
        "serverowner": "e161f09d-d5ad-466c-8e7d-db14caa5abe9",
        "last_payment_date": "2023-10-27T00:30:25.258Z",
        "total_commissions_paid": "10.00",
        "total_coin_commissions_paid": "0E-8",
        "pending_commissions": "0.00",
        "pending_coin_commissions": "0E-8",
        "created": "2023-10-25T04:32:08.294Z",
        "updated": "2023-10-27T00:30:25.258Z"
    }
},
{
    "model": "accounts.affiliateinvitee",
    "pk": 2,
    "fields": {
        "affiliate": "1115951044732653578",
        "invitee_discord_id": "878541759909613569",
        "created": "2023-10-25T04:31:05.230Z",
        "updated": "2023-10-25T04:31:05.230Z"
    }
},
{
    "model": "accounts.affiliateinvitee",
    "pk": 3,
    "fields": {
        "affiliate": "878541759909613569",
        "invitee_discord_id": "1166589692460929044",
        "created": "2023-10-25T04:32:45.491Z",
        "updated": "2023-10-25T04:32:45.491Z"
    }
},
{
    "model": "accounts.affiliateinvitee",
    "pk": 4,
    "fields": {
        "affiliate": "1115951044732653578",
        "invitee_discord_id": "1166911098327412836",
        "created": "2023-10-26T01:33:49.622Z",
        "updated": "2023-10-26T01:33:49.622Z"
    }
},
{
    "model": "accounts.affiliatepayment",
    "pk": 2,
    "fields": {
        "serverowner": "e161f09d-d5ad-466c-8e7d-db14caa5abe9",
        "affiliate": "1115951044732653578",
        "subscriber": "06c5c3d2-dd5b-4b69-9e56-558cfa18186b",
        "amount": "20.00",
        "coin_amount": null,
        "paid": true,
        "date_payment_confirmed": "2023-10-26T15:02:49.789Z",
        "created": "2023-10-25T19:36:51.166Z",
        "updated": "2023-10-25T19:36:51.166Z"
    }
},
{
    "model": "accounts.affiliatepayment",
    "pk": 3,
    "fields": {
        "serverowner": "e161f09d-d5ad-466c-8e7d-db14caa5abe9",
        "affiliate": "878541759909613569",
        "subscriber": "29be7233-4f1a-43f8-a9c0-78e2dd0242fe",
        "amount": "10.00",
        "coin_amount": null,
        "paid": true,
        "date_payment_confirmed": "2023-10-27T00:30:25.262Z",
        "created": "2023-10-26T00:09:08.286Z",
        "updated": "2023-10-26T00:09:08.286Z"
    }
},
{
    "model": "accounts.affiliatepayment",
    "pk": 4,
    "fields": {
        "serverowner": "e161f09d-d5ad-466c-8e7d-db14caa5abe9",
        "affiliate": "1115951044732653578",
        "subscriber": "06c5c3d2-dd5b-4b69-9e56-558cfa18186b",
        "amount": "20.00",
        "coin_amount": null,
        "paid": true,
        "date_payment_confirmed": "2023-10-27T12:23:11.255Z",
        "created": "2023-10-26T21:03:09.490Z",
        "updated": "2023-10-26T21:03:09.490Z"
    }
},
{
    "model": "accounts.stripeplan",
    "pk": "650b6c28-c6f0-4f0a-97da-9009ae24b0b0",
    "fields": {
        "serverowner": "e161f09d-d5ad-466c-8e7d-db14caa5abe9",
        "name": "Bronze Plus",
        "amount": "20.00",
        "description": "test description",
        "interval_count": 1,
        "subscriber_count": 1,
        "status": "A",
        "discord_role_id": "IJSN23JD",
        "permission_description": null,
        "created": "2023-10-25T03:28:33.365Z",
        "updated": "2023-10-25T03:31:36.128Z",
        "product_id": "prod_OsjELiXRxzjbku",
        "price_id": "price_1O4xlmAOjrujWr90n1bOyiHk"
    }
},
{
    "model": "accounts.stripeplan",
    "pk": "86d50efd-fc41-4245-a04b-c8c816f6b3c5",
    "fields": {
        "serverowner": "e161f09d-d5ad-466c-8e7d-db14caa5abe9",
        "name": "Silver",
        "amount": "50.00",
        "description": "Silver lining",
        "interval_count": 1,
        "subscriber_count": 1,
        "status": "I",
        "discord_role_id": "IJSN23AO",
        "permission_description": null,
        "created": "2023-10-25T04:34:57.643Z",
        "updated": "2023-10-26T07:22:26.713Z",
        "product_id": "prod_OskIowAc8Fon4c",
        "price_id": "price_1O4yo2AOjrujWr90c34rbBz0"
    }
},
{
    "model": "accounts.stripeplan",
    "pk": "b6c72ccc-c741-48e7-a83c-9c8017e519c4",
    "fields": {
        "serverowner": "e161f09d-d5ad-466c-8e7d-db14caa5abe9",
        "name": "Legend",
        "amount": "100.00",
        "description": "Legendz on the beat",
        "interval_count": 1,
        "subscriber_count": 2,
        "status": "A",
        "discord_role_id": "IJSN23KA",
        "permission_description": null,
        "created": "2023-10-25T04:46:17.770Z",
        "updated": "2023-10-26T21:03:09.521Z",
        "product_id": "prod_OskT6HjhnnrBkL",
        "price_id": "price_1O4yz0AOjrujWr90qjt4JJNP"
    }
},
{
    "model": "accounts.stripesubscription",
    "pk": 5,
    "fields": {
        "subscriber": "4cf54892-24f8-4808-88ce-fb3195402a1b",
        "subscribed_via": "e161f09d-d5ad-466c-8e7d-db14caa5abe9",
        "subscription_id": "sub_1O4xnSAOjrujWr90VDqQ1YSU",
        "subscription_date": "2023-10-25T03:31:36.106Z",
        "expiration_date": "2023-11-25T03:31:36.108Z",
        "status": "A",
        "value": 0,
        "created": "2023-10-25T03:30:23.391Z",
        "updated": "2023-10-25T03:31:36.118Z",
        "plan": "650b6c28-c6f0-4f0a-97da-9009ae24b0b0",
        "session_id": "cs_test_a1KNaC9Sh4H6Hs0NnBObwO0HbdUyz8gBeKt0s4jFwpOHT7ezhbl9XxmBnp"
    }
},
{
    "model": "accounts.stripesubscription",
    "pk": 6,
    "fields": {
        "subscriber": "06c5c3d2-dd5b-4b69-9e56-558cfa18186b",
        "subscribed_via": "e161f09d-d5ad-466c-8e7d-db14caa5abe9",
        "subscription_id": "sub_1O5CrbAOjrujWr90Lv0AAwPe",
        "subscription_date": "2023-10-25T19:36:51.054Z",
        "expiration_date": "2023-11-25T19:36:51.064Z",
        "status": "C",
        "value": 0,
        "created": "2023-10-25T19:35:40.167Z",
        "updated": "2023-10-26T07:08:32.842Z",
        "plan": "b6c72ccc-c741-48e7-a83c-9c8017e519c4",
        "session_id": "cs_test_a1pisVCNKkGofIoaOmGnl3hhU87tX0kTq850HAMW2hwBvuv09JQ6bvFaVW"
    }
},
{
    "model": "accounts.stripesubscription",
    "pk": 7,
    "fields": {
        "subscriber": "29be7233-4f1a-43f8-a9c0-78e2dd0242fe",
        "subscribed_via": "e161f09d-d5ad-466c-8e7d-db14caa5abe9",
        "subscription_id": "sub_1O5H82AOjrujWr90z2HMUTZy",
        "subscription_date": "2023-10-26T00:09:08.259Z",
        "expiration_date": "2023-11-26T00:09:08.262Z",
        "status": "A",
        "value": 0,
        "created": "2023-10-26T00:08:55.701Z",
        "updated": "2023-10-26T00:09:08.268Z",
        "plan": "86d50efd-fc41-4245-a04b-c8c816f6b3c5",
        "session_id": "cs_test_a1k11ajTnhSInPapBcM6eJ5AQa3tW26QMIHw5aemq2TRsw9BK8aspDku2f"
    }
},
{
    "model": "accounts.stripesubscription",
    "pk": 9,
    "fields": {
        "subscriber": "06c5c3d2-dd5b-4b69-9e56-558cfa18186b",
        "subscribed_via": "e161f09d-d5ad-466c-8e7d-db14caa5abe9",
        "subscription_id": "sub_1O5gRGAOjrujWr90zfpV4HqA",
        "subscription_date": "2023-10-26T21:03:09.459Z",
        "expiration_date": "2023-11-26T21:03:09.461Z",
        "status": "A",
        "value": 0,
        "created": "2023-10-26T21:02:58.779Z",
        "updated": "2023-10-26T21:03:09.468Z",
        "plan": "b6c72ccc-c741-48e7-a83c-9c8017e519c4",
        "session_id": "cs_test_a1sJ0si4ag0fgeuIWZJjXjT9M3aBWTQwGj8GBZoHuD6eJuCaxAjBcAX3rt"
    }
},
{
    "model": "accounts.paymentdetail",
    "pk": 6,
    "fields": {
        "affiliate": "1115951044732653578",
        "litecoin_address": "",
        "body": "Kuda Bank",
        "created": "2023-10-25T04:29:27.701Z",
        "updated": "2023-10-25T04:29:27.701Z"
    }
},
{
    "model": "accounts.paymentdetail",
    "pk": 7,
    "fields": {
        "affiliate": "878541759909613569",
        "litecoin_address": "",
        "body": "Access Bank",
        "created": "2023-10-25T04:32:08.296Z",
        "updated": "2023-10-25T04:32:08.297Z"
    }
},
{
    "model": "accounts.accesscode",
    "pk": 1,
    "fields": {
        "code": "JSOXR",
        "used_by": null,
        "is_used": false,
        "date_used": null,
        "created": "2023-10-11T03:00:19.362Z",
        "updated": "2023-10-11T03:00:19.362Z"
    }
},
{
    "model": "accounts.accesscode",
    "pk": 2,
    "fields": {
        "code": "QNICT",
        "used_by": null,
        "is_used": false,
        "date_used": null,
        "created": "2023-10-11T03:00:19.365Z",
        "updated": "2023-10-11T03:00:19.365Z"
    }
},
{
    "model": "accounts.accesscode",
    "pk": 3,
    "fields": {
        "code": "CDP1E",
        "used_by": null,
        "is_used": false,
        "date_used": null,
        "created": "2023-10-11T03:00:19.367Z",
        "updated": "2023-10-11T03:00:19.367Z"
    }
},
{
    "model": "accounts.accesscode",
    "pk": 4,
    "fields": {
        "code": "NQJOU",
        "used_by": null,
        "is_used": true,
        "date_used": "2023-10-25T04:15:02.861Z",
        "created": "2023-10-11T03:00:19.369Z",
        "updated": "2023-10-25T04:15:02.862Z"
    }
},
{
    "model": "accounts.accesscode",
    "pk": 5,
    "fields": {
        "code": "CVPTA",
        "used_by": "e161f09d-d5ad-466c-8e7d-db14caa5abe9",
        "is_used": true,
        "date_used": "2023-10-25T03:17:33.203Z",
        "created": "2023-10-11T03:00:19.371Z",
        "updated": "2023-10-25T03:17:33.203Z"
    }
},
{
    "model": "accounts.accesscode",
    "pk": 6,
    "fields": {
        "code": "JNAEG",
        "used_by": null,
        "is_used": true,
        "date_used": "2023-10-22T07:37:28.786Z",
        "created": "2023-10-11T03:00:19.373Z",
        "updated": "2023-10-22T07:37:28.786Z"
    }
},
{
    "model": "accounts.accesscode",
    "pk": 7,
    "fields": {
        "code": "H7PHD",
        "used_by": null,
        "is_used": true,
        "date_used": "2023-10-18T16:52:08.315Z",
        "created": "2023-10-11T03:00:19.375Z",
        "updated": "2023-10-18T16:52:08.315Z"
    }
},
{
    "model": "accounts.accesscode",
    "pk": 8,
    "fields": {
        "code": "6RYFC",
        "used_by": null,
        "is_used": true,
        "date_used": "2023-10-17T18:52:14.194Z",
        "created": "2023-10-11T03:00:19.377Z",
        "updated": "2023-10-17T18:52:14.194Z"
    }
},
{
    "model": "accounts.accesscode",
    "pk": 9,
    "fields": {
        "code": "81IAI",
        "used_by": null,
        "is_used": true,
        "date_used": "2023-10-17T18:36:51.158Z",
        "created": "2023-10-11T03:00:19.379Z",
        "updated": "2023-10-17T18:36:51.159Z"
    }
},
{
    "model": "accounts.accesscode",
    "pk": 10,
    "fields": {
        "code": "X2JVR",
        "used_by": null,
        "is_used": true,
        "date_used": "2023-10-17T18:24:55.135Z",
        "created": "2023-10-11T03:00:19.380Z",
        "updated": "2023-10-17T18:24:55.135Z"
    }
},
{
    "model": "accounts.accesscode",
    "pk": 11,
    "fields": {
        "code": "21QQG",
        "used_by": null,
        "is_used": true,
        "date_used": "2023-10-17T18:20:53.963Z",
        "created": "2023-10-11T03:00:19.383Z",
        "updated": "2023-10-17T18:20:53.963Z"
    }
},
{
    "model": "accounts.accesscode",
    "pk": 12,
    "fields": {
        "code": "L092P",
        "used_by": null,
        "is_used": true,
        "date_used": "2023-10-17T18:14:56.483Z",
        "created": "2023-10-11T03:00:19.385Z",
        "updated": "2023-10-17T18:14:56.483Z"
    }
},
{
    "model": "accounts.accesscode",
    "pk": 13,
    "fields": {
        "code": "189DI",
        "used_by": null,
        "is_used": true,
        "date_used": "2023-10-17T18:09:01.029Z",
        "created": "2023-10-11T03:00:19.387Z",
        "updated": "2023-10-17T18:09:01.029Z"
    }
},
{
    "model": "accounts.accesscode",
    "pk": 14,
    "fields": {
        "code": "FAXE4",
        "used_by": null,
        "is_used": true,
        "date_used": "2023-10-17T16:49:39.489Z",
        "created": "2023-10-11T03:00:19.390Z",
        "updated": "2023-10-17T16:49:39.489Z"
    }
},
{
    "model": "accounts.accesscode",
    "pk": 15,
    "fields": {
        "code": "9ARO1",
        "used_by": null,
        "is_used": true,
        "date_used": "2023-10-16T10:51:35.637Z",
        "created": "2023-10-11T03:00:19.392Z",
        "updated": "2023-10-16T10:51:35.637Z"
    }
},
{
    "model": "accounts.accesscode",
    "pk": 16,
    "fields": {
        "code": "8E1T0",
        "used_by": null,
        "is_used": true,
        "date_used": "2023-10-15T18:31:29.190Z",
        "created": "2023-10-11T03:00:19.393Z",
        "updated": "2023-10-15T18:31:29.191Z"
    }
},
{
    "model": "accounts.accesscode",
    "pk": 17,
    "fields": {
        "code": "XLK74",
        "used_by": null,
        "is_used": true,
        "date_used": "2023-10-15T18:09:57.850Z",
        "created": "2023-10-11T03:00:19.395Z",
        "updated": "2023-10-15T18:09:57.850Z"
    }
},
{
    "model": "accounts.accesscode",
    "pk": 18,
    "fields": {
        "code": "HW5GX",
        "used_by": null,
        "is_used": true,
        "date_used": "2023-10-15T17:58:22.935Z",
        "created": "2023-10-11T03:00:19.397Z",
        "updated": "2023-10-15T17:58:22.935Z"
    }
},
{
    "model": "accounts.accesscode",
    "pk": 19,
    "fields": {
        "code": "DB4YS",
        "used_by": null,
        "is_used": true,
        "date_used": "2023-10-11T12:41:49.014Z",
        "created": "2023-10-11T03:00:19.399Z",
        "updated": "2023-10-11T12:41:49.014Z"
    }
},
{
    "model": "accounts.accesscode",
    "pk": 20,
    "fields": {
        "code": "OMDZA",
        "used_by": null,
        "is_used": true,
        "date_used": "2023-10-11T03:04:23.074Z",
        "created": "2023-10-11T03:00:19.401Z",
        "updated": "2023-10-11T03:04:23.075Z"
    }
}
]
